INSERT INTO properties (id, name) VALUES ('f8eb5693-f815-4533-8a43-390e2dd6e819', '2805 Mieterspiegel');
INSERT INTO tenants (id, name) VALUES ('6bf4e0f6-3584-4669-a8b7-3e7f4bb14cf9', 'Vêtement Monsieur Martigny SA');
INSERT INTO units (id, property_id, unit_number, floor, type, surface_area, rooms) VALUES ('7b046237-3452-4595-9c23-6712934e7425', 'f8eb5693-f815-4533-8a43-390e2dd6e819', 'Laden', NULL, 'Appartement', 0, 0);
INSERT INTO leases (id, unit_id, tenant_id, start_date, end_date, rent_net, charges) VALUES ('d3229c0a-e66d-47c5-822f-d619cda6be06', '7b046237-3452-4595-9c23-6712934e7425', '6bf4e0f6-3584-4669-a8b7-3e7f4bb14cf9', NULL, NULL, 5832.0, 0);
INSERT INTO tenants (id, name) VALUES ('5c2bf443-17fb-4b12-b02b-950b35ba3f69', 'Gerry Weber Switzerland AG');
INSERT INTO leases (id, unit_id, tenant_id, start_date, end_date, rent_net, charges) VALUES ('b2d3fe10-fc64-44b5-8f1c-0d54dd532d76', '7b046237-3452-4595-9c23-6712934e7425', '5c2bf443-17fb-4b12-b02b-950b35ba3f69', NULL, NULL, 4780.0, 0);
INSERT INTO tenants (id, name) VALUES ('0f3a33ab-810a-4161-b1ff-79ca02b13830', 'Dubé Mario');
INSERT INTO units (id, property_id, unit_number, floor, type, surface_area, rooms) VALUES ('dada9279-0cf9-4958-b937-c518b45ac2a8', 'f8eb5693-f815-4533-8a43-390e2dd6e819', 'Praxis', NULL, 'Appartement', 0, 0);
INSERT INTO leases (id, unit_id, tenant_id, start_date, end_date, rent_net, charges) VALUES ('46884b12-c795-492f-a72c-2f9cea2b0f9d', 'dada9279-0cf9-4958-b937-c518b45ac2a8', '0f3a33ab-810a-4161-b1ff-79ca02b13830', NULL, NULL, 1720.0, 0);
INSERT INTO tenants (id, name) VALUES ('361417a9-ce97-4f99-b0d4-c12375c408a5', 'Pasche Samuel');
INSERT INTO units (id, property_id, unit_number, floor, type, surface_area, rooms) VALUES ('eb40a6cd-228a-4751-821e-6119da7eb7df', 'f8eb5693-f815-4533-8a43-390e2dd6e819', 'Büroraum', NULL, 'Appartement', 0, 0);
INSERT INTO leases (id, unit_id, tenant_id, start_date, end_date, rent_net, charges) VALUES ('61243b55-72e6-425d-bb77-d127b2e77db0', 'eb40a6cd-228a-4751-821e-6119da7eb7df', '361417a9-ce97-4f99-b0d4-c12375c408a5', NULL, NULL, 940.0, 0);
INSERT INTO tenants (id, name) VALUES ('08f6faf9-05ba-4a60-ace8-c41e91880332', 'Barman Sulja Isabelle');
INSERT INTO leases (id, unit_id, tenant_id, start_date, end_date, rent_net, charges) VALUES ('8e7c0c95-b98d-4a72-8b48-a2a666b9bdfd', 'eb40a6cd-228a-4751-821e-6119da7eb7df', '08f6faf9-05ba-4a60-ace8-c41e91880332', NULL, NULL, 750.0, 0);
INSERT INTO tenants (id, name) VALUES ('1ccd0e53-e43d-465c-8176-270563175472', 'Max Studer Interim SA');
INSERT INTO leases (id, unit_id, tenant_id, start_date, end_date, rent_net, charges) VALUES ('46c7f6fa-86ba-4fd3-ad35-0cef1737472b', 'eb40a6cd-228a-4751-821e-6119da7eb7df', '1ccd0e53-e43d-465c-8176-270563175472', NULL, NULL, 1260.0, 0);
INSERT INTO tenants (id, name) VALUES ('09cc3de2-9909-4ca7-b3d6-d7925b2a3456', 'Riviello Filomena');
INSERT INTO units (id, property_id, unit_number, floor, type, surface_area, rooms) VALUES ('30e8ebe6-9cd1-47c0-b4fb-7423af4033d9', 'f8eb5693-f815-4533-8a43-390e2dd6e819', 'Wohnung', NULL, 'Appartement', 0, 0);
INSERT INTO leases (id, unit_id, tenant_id, start_date, end_date, rent_net, charges) VALUES ('b1cf3b10-8e04-48e8-9e10-543736c3119b', '30e8ebe6-9cd1-47c0-b4fb-7423af4033d9', '09cc3de2-9909-4ca7-b3d6-d7925b2a3456', NULL, NULL, 1350.0, 0);
INSERT INTO tenants (id, name) VALUES ('784a7933-fe9f-46e1-9097-e1ebfa4d51a1', 'Wessel Jean-Paul');
INSERT INTO leases (id, unit_id, tenant_id, start_date, end_date, rent_net, charges) VALUES ('8a07d679-f455-4d5d-bb06-26924e0a7285', '30e8ebe6-9cd1-47c0-b4fb-7423af4033d9', '784a7933-fe9f-46e1-9097-e1ebfa4d51a1', NULL, NULL, 1510.0, 0);
INSERT INTO tenants (id, name) VALUES ('26c92910-a788-4a54-899a-ebccdb1b5487', 'Guillaume Eric');
INSERT INTO leases (id, unit_id, tenant_id, start_date, end_date, rent_net, charges) VALUES ('f265f93c-96d3-42dc-b6a4-8a4b615e6bd5', '30e8ebe6-9cd1-47c0-b4fb-7423af4033d9', '26c92910-a788-4a54-899a-ebccdb1b5487', NULL, NULL, 1580.0, 0);
INSERT INTO tenants (id, name) VALUES ('25c93483-f38f-4cc9-aa89-6dc685254abe', 'Curchod Elodie');
INSERT INTO leases (id, unit_id, tenant_id, start_date, end_date, rent_net, charges) VALUES ('a2af98c3-d257-43c3-b508-3803d4e2c754', '30e8ebe6-9cd1-47c0-b4fb-7423af4033d9', '25c93483-f38f-4cc9-aa89-6dc685254abe', NULL, NULL, 1460.0, 0);
INSERT INTO tenants (id, name) VALUES ('c0329e24-c0e7-48fc-ac2e-fd1f39d67e15', 'Max Edgar DFAE (Moscou)');
INSERT INTO units (id, property_id, unit_number, floor, type, surface_area, rooms) VALUES ('79de9db8-a56f-4ed5-846b-ef3f7d631b6e', 'f8eb5693-f815-4533-8a43-390e2dd6e819', 'Lagerraum', NULL, 'Appartement', 0, 0);
INSERT INTO leases (id, unit_id, tenant_id, start_date, end_date, rent_net, charges) VALUES ('eb4be1cd-7afd-44de-b264-00fadc0ded14', '79de9db8-a56f-4ed5-846b-ef3f7d631b6e', 'c0329e24-c0e7-48fc-ac2e-fd1f39d67e15', NULL, NULL, 165.0, 0);
INSERT INTO leases (id, unit_id, tenant_id, start_date, end_date, rent_net, charges) VALUES ('7f4bff97-031d-40c1-97c6-bc32c2ef3040', '79de9db8-a56f-4ed5-846b-ef3f7d631b6e', '5c2bf443-17fb-4b12-b02b-950b35ba3f69', NULL, NULL, 0.0, 0);
INSERT INTO leases (id, unit_id, tenant_id, start_date, end_date, rent_net, charges) VALUES ('4ad101e0-b5d5-4a71-9051-29223fb54de4', '7b046237-3452-4595-9c23-6712934e7425', '6bf4e0f6-3584-4669-a8b7-3e7f4bb14cf9', NULL, NULL, 0.0, 0);
INSERT INTO properties (id, name) VALUES ('8f32e07c-28c6-4b64-8522-cd148e96e0e2', 'Etat');
INSERT INTO tenants (id, name) VALUES ('1859c766-5c7a-4f9d-84c0-19ae5c8b6e8f', 'Grosset Michel');
INSERT INTO units (id, property_id, unit_number, floor, type, surface_area, rooms) VALUES ('645cb7e3-e24f-4cee-94f3-308ec712a607', '8f32e07c-28c6-4b64-8522-cd148e96e0e2', 'Appartement', NULL, 'Appartement', 0, 1.5);
INSERT INTO leases (id, unit_id, tenant_id, start_date, end_date, rent_net, charges) VALUES ('bd009abe-1ba3-40ba-a67e-4ade65d71857', '645cb7e3-e24f-4cee-94f3-308ec712a607', '1859c766-5c7a-4f9d-84c0-19ae5c8b6e8f', '1996-04-01', NULL, 540.0, 0);
INSERT INTO tenants (id, name) VALUES ('db9f2f99-6750-4421-9703-59fd553bfa2d', 'Buchs Myriam');
INSERT INTO leases (id, unit_id, tenant_id, start_date, end_date, rent_net, charges) VALUES ('173093b0-fe36-4c96-a8fb-27ce771e5997', '645cb7e3-e24f-4cee-94f3-308ec712a607', 'db9f2f99-6750-4421-9703-59fd553bfa2d', '2015-07-01', NULL, 900.0, 0);
INSERT INTO tenants (id, name) VALUES ('2b8edd8b-ab91-4d59-925f-14dd042c8056', 'Sabino José');
INSERT INTO leases (id, unit_id, tenant_id, start_date, end_date, rent_net, charges) VALUES ('bb707c16-2224-4047-b5a1-a063292d2b49', '645cb7e3-e24f-4cee-94f3-308ec712a607', '2b8edd8b-ab91-4d59-925f-14dd042c8056', '2014-05-16', NULL, 1080.0, 0);
INSERT INTO tenants (id, name) VALUES ('aabeea1c-7605-4c2a-bc30-1f01ba090f2b', 'Da Costa Pereira José Ismael');
INSERT INTO leases (id, unit_id, tenant_id, start_date, end_date, rent_net, charges) VALUES ('7c96825f-4d8a-4a24-b573-60654e17ea39', '645cb7e3-e24f-4cee-94f3-308ec712a607', 'aabeea1c-7605-4c2a-bc30-1f01ba090f2b', '2012-10-01', NULL, 1130.0, 0);
INSERT INTO tenants (id, name) VALUES ('3362acc4-f8c6-4c40-aefa-bfa53cc1c4d6', 'Oliveira Figueiredo Liliana Marina');
INSERT INTO leases (id, unit_id, tenant_id, start_date, end_date, rent_net, charges) VALUES ('d51c57a5-ff49-4250-ae5b-3552637126fc', '645cb7e3-e24f-4cee-94f3-308ec712a607', '3362acc4-f8c6-4c40-aefa-bfa53cc1c4d6', '2023-08-01', NULL, 1100.0, 0);
INSERT INTO tenants (id, name) VALUES ('9a3d31f7-e9b0-43a3-ab2d-74eeaf39323b', 'Röthlisberger Andreas');
INSERT INTO leases (id, unit_id, tenant_id, start_date, end_date, rent_net, charges) VALUES ('b4a3d0b3-5674-45d4-b92a-2507fc66e107', '645cb7e3-e24f-4cee-94f3-308ec712a607', '9a3d31f7-e9b0-43a3-ab2d-74eeaf39323b', '2010-04-01', NULL, 890.0, 0);
INSERT INTO tenants (id, name) VALUES ('26a65161-2205-4ec2-8cbb-acaaf39a70a3', 'Pereira Alves Joaquim Augusto');
INSERT INTO leases (id, unit_id, tenant_id, start_date, end_date, rent_net, charges) VALUES ('874a8750-cc69-419c-a86b-86c36ce4e287', '645cb7e3-e24f-4cee-94f3-308ec712a607', '26a65161-2205-4ec2-8cbb-acaaf39a70a3', '2018-12-01', NULL, 1090.0, 0);
INSERT INTO tenants (id, name) VALUES ('0fc7e4f4-5e59-491a-a81d-771c236bd6e1', 'Garipi Omer');
INSERT INTO leases (id, unit_id, tenant_id, start_date, end_date, rent_net, charges) VALUES ('4cf555d5-e550-4d51-a9aa-063a99dbda53', '645cb7e3-e24f-4cee-94f3-308ec712a607', '0fc7e4f4-5e59-491a-a81d-771c236bd6e1', '2019-04-01', NULL, 1250.0, 0);
INSERT INTO tenants (id, name) VALUES ('6f636630-b69f-4c77-bca3-9dbfde64bcb5', 'Semedo De Pina Fernando');
INSERT INTO leases (id, unit_id, tenant_id, start_date, end_date, rent_net, charges) VALUES ('ae9d93e4-21ee-4772-9913-c5d3a23e28cf', '645cb7e3-e24f-4cee-94f3-308ec712a607', '6f636630-b69f-4c77-bca3-9dbfde64bcb5', '2023-01-16', NULL, 1100.0, 0);
INSERT INTO tenants (id, name) VALUES ('bbb15039-4b41-40db-a43c-41d78c6b7bfb', 'Meylan Nicole');
INSERT INTO leases (id, unit_id, tenant_id, start_date, end_date, rent_net, charges) VALUES ('1f621233-6a51-4795-8c40-72bcf3ccb330', '645cb7e3-e24f-4cee-94f3-308ec712a607', 'bbb15039-4b41-40db-a43c-41d78c6b7bfb', '2007-07-01', NULL, 785.0, 0);
INSERT INTO tenants (id, name) VALUES ('4d65bf37-010b-4749-890d-a103b9d1d5aa', 'Queiroz De Lazzaro Camila');
INSERT INTO leases (id, unit_id, tenant_id, start_date, end_date, rent_net, charges) VALUES ('1f6614db-464b-4a8c-ad06-e7ae177f34f4', '645cb7e3-e24f-4cee-94f3-308ec712a607', '4d65bf37-010b-4749-890d-a103b9d1d5aa', '2023-10-01', NULL, 1350.0, 0);
INSERT INTO tenants (id, name) VALUES ('4cbc6150-55a6-43d3-b391-20411f61b63b', 'Ibraimi Bekir');
INSERT INTO leases (id, unit_id, tenant_id, start_date, end_date, rent_net, charges) VALUES ('6ea0c8e8-e80f-4e89-b9e0-4097b64712e5', '645cb7e3-e24f-4cee-94f3-308ec712a607', '4cbc6150-55a6-43d3-b391-20411f61b63b', '2015-10-01', NULL, 1200.0, 0);
INSERT INTO tenants (id, name) VALUES ('c5cb65fd-e331-4acf-b1d4-1cdf91b05d91', 'Cebrian Andrès');
INSERT INTO leases (id, unit_id, tenant_id, start_date, end_date, rent_net, charges) VALUES ('f8f6e069-b553-4af5-af71-c2352cd17fef', '645cb7e3-e24f-4cee-94f3-308ec712a607', 'c5cb65fd-e331-4acf-b1d4-1cdf91b05d91', '2006-10-01', NULL, 800.0, 0);
INSERT INTO tenants (id, name) VALUES ('65bf4665-dffb-43ac-9f90-bb2d2c68afbc', 'Vukoja Nedeljko');
INSERT INTO leases (id, unit_id, tenant_id, start_date, end_date, rent_net, charges) VALUES ('49fcedf2-d0d3-4c8e-916f-cd25dba8ee2b', '645cb7e3-e24f-4cee-94f3-308ec712a607', '65bf4665-dffb-43ac-9f90-bb2d2c68afbc', '2023-06-16', NULL, 1100.0, 0);
INSERT INTO tenants (id, name) VALUES ('b7e74141-4dda-4065-85df-edacfa9d163e', 'Arias Juanita');
INSERT INTO leases (id, unit_id, tenant_id, start_date, end_date, rent_net, charges) VALUES ('9b49bea0-d750-49ef-9efc-94a007a4f49b', '645cb7e3-e24f-4cee-94f3-308ec712a607', 'b7e74141-4dda-4065-85df-edacfa9d163e', '1996-07-01', NULL, 899.0, 0);
INSERT INTO tenants (id, name) VALUES ('a9eb1528-49fa-4299-8fab-a676c9760b6a', 'Sanclaudio Gervasio');
INSERT INTO leases (id, unit_id, tenant_id, start_date, end_date, rent_net, charges) VALUES ('83c4732e-d143-4de4-a8f2-e621bffeda6b', '645cb7e3-e24f-4cee-94f3-308ec712a607', 'a9eb1528-49fa-4299-8fab-a676c9760b6a', '1996-04-01', NULL, 795.0, 0);
INSERT INTO tenants (id, name) VALUES ('66129464-ed33-472e-86ee-d5a942a95027', 'Libotte Annick Marie Jacqueline');
INSERT INTO leases (id, unit_id, tenant_id, start_date, end_date, rent_net, charges) VALUES ('26137a46-b163-4c63-9bf3-5456187c6b30', '645cb7e3-e24f-4cee-94f3-308ec712a607', '66129464-ed33-472e-86ee-d5a942a95027', '2023-10-16', NULL, 850.0, 0);
INSERT INTO tenants (id, name) VALUES ('783d7711-e4f3-4d72-8188-fc2ec535aec4', 'Spinner Gérald');
INSERT INTO leases (id, unit_id, tenant_id, start_date, end_date, rent_net, charges) VALUES ('292a6489-e0f0-47fc-94f0-5336ec186e1e', '645cb7e3-e24f-4cee-94f3-308ec712a607', '783d7711-e4f3-4d72-8188-fc2ec535aec4', '2008-07-16', NULL, 770.0, 0);
INSERT INTO tenants (id, name) VALUES ('01f45e72-f03c-42c6-982b-3ab49ff68acb', 'Regal Françoise');
INSERT INTO leases (id, unit_id, tenant_id, start_date, end_date, rent_net, charges) VALUES ('5232e833-e521-4c16-ba37-6481d22f6303', '645cb7e3-e24f-4cee-94f3-308ec712a607', '01f45e72-f03c-42c6-982b-3ab49ff68acb', '1994-10-01', NULL, 930.0, 0);
INSERT INTO tenants (id, name) VALUES ('1e2e984e-bf6e-4bb9-a611-bb7e33068131', 'Hrustic Senad');
INSERT INTO leases (id, unit_id, tenant_id, start_date, end_date, rent_net, charges) VALUES ('76db897a-ca7d-41da-9fd1-70a4982ae8bc', '645cb7e3-e24f-4cee-94f3-308ec712a607', '1e2e984e-bf6e-4bb9-a611-bb7e33068131', '1995-04-01', NULL, 930.0, 0);
INSERT INTO tenants (id, name) VALUES ('c086e92d-5c01-468e-9f19-f3f84a052e78', 'Schollenberger Christophe');
INSERT INTO leases (id, unit_id, tenant_id, start_date, end_date, rent_net, charges) VALUES ('0a24b5df-c215-4aa6-939a-7cd5d0fecce1', '645cb7e3-e24f-4cee-94f3-308ec712a607', 'c086e92d-5c01-468e-9f19-f3f84a052e78', '2002-01-01', NULL, 775.0, 0);
INSERT INTO tenants (id, name) VALUES ('52b10ac5-1e6b-4a9d-a919-788d57b16bff', 'Stankovic Lelica');
INSERT INTO leases (id, unit_id, tenant_id, start_date, end_date, rent_net, charges) VALUES ('b5979c0d-029e-4811-9024-085f20c02a84', '645cb7e3-e24f-4cee-94f3-308ec712a607', '52b10ac5-1e6b-4a9d-a919-788d57b16bff', '2023-09-16', NULL, 1140.0, 0);
INSERT INTO tenants (id, name) VALUES ('ebe66030-82f1-47d7-9c3a-eb997cdea90f', 'Vacant');
INSERT INTO leases (id, unit_id, tenant_id, start_date, end_date, rent_net, charges) VALUES ('dca019b0-455c-42c2-9f01-b90c89a4012f', '645cb7e3-e24f-4cee-94f3-308ec712a607', 'ebe66030-82f1-47d7-9c3a-eb997cdea90f', '2023-09-01', NULL, 1160.0, 0);
INSERT INTO tenants (id, name) VALUES ('cc2499c1-db12-4ccd-a58e-96990616ab98', 'Derzic Mirsad');
INSERT INTO leases (id, unit_id, tenant_id, start_date, end_date, rent_net, charges) VALUES ('46b99fb0-ef93-4107-973d-0aa42ffd0b17', '645cb7e3-e24f-4cee-94f3-308ec712a607', 'cc2499c1-db12-4ccd-a58e-96990616ab98', '2023-10-01', NULL, 1400.0, 0);
INSERT INTO tenants (id, name) VALUES ('d307d053-30e4-411f-8c02-7b3b0bffbcd3', 'Monod Olivier');
INSERT INTO leases (id, unit_id, tenant_id, start_date, end_date, rent_net, charges) VALUES ('17ae72bf-12c8-4333-a83f-cf1254c06f2d', '645cb7e3-e24f-4cee-94f3-308ec712a607', 'd307d053-30e4-411f-8c02-7b3b0bffbcd3', '2012-12-01', NULL, 830.0, 0);
INSERT INTO tenants (id, name) VALUES ('f1c9855a-73a1-4f8f-8875-8ab2a27c9b37', 'Longchamp Edouard');
INSERT INTO leases (id, unit_id, tenant_id, start_date, end_date, rent_net, charges) VALUES ('ea6eb369-2701-478c-a9ac-6834a7cb8afe', '645cb7e3-e24f-4cee-94f3-308ec712a607', 'f1c9855a-73a1-4f8f-8875-8ab2a27c9b37', '2004-10-01', NULL, 830.0, 0);
INSERT INTO tenants (id, name) VALUES ('8fded62f-76d8-4fc4-b526-44074a59bef1', 'Giacomotti Christine');
INSERT INTO leases (id, unit_id, tenant_id, start_date, end_date, rent_net, charges) VALUES ('6fd49f24-a3dc-4f53-9c5b-3499fea76685', '645cb7e3-e24f-4cee-94f3-308ec712a607', '8fded62f-76d8-4fc4-b526-44074a59bef1', '2019-01-16', NULL, 1270.0, 0);
INSERT INTO tenants (id, name) VALUES ('7b2a3e07-64b0-4150-a0fb-6dc2193db7e1', 'De Jesus Pereira Marcelo');
INSERT INTO leases (id, unit_id, tenant_id, start_date, end_date, rent_net, charges) VALUES ('01db6e08-b105-4117-8029-2f7ab512dff6', '645cb7e3-e24f-4cee-94f3-308ec712a607', '7b2a3e07-64b0-4150-a0fb-6dc2193db7e1', '2006-11-16', NULL, 970.0, 0);
INSERT INTO tenants (id, name) VALUES ('e210fa9a-058d-49a1-bd9a-652e931d5c67', 'Sauge Amandine');
INSERT INTO leases (id, unit_id, tenant_id, start_date, end_date, rent_net, charges) VALUES ('3320b158-baae-4532-8ea0-42fce5980fef', '645cb7e3-e24f-4cee-94f3-308ec712a607', 'e210fa9a-058d-49a1-bd9a-652e931d5c67', '2020-02-16', NULL, 710.0, 0);
INSERT INTO tenants (id, name) VALUES ('c36d08ba-0fcc-4dc0-9a6d-8b1efc2a8ee1', 'Monod Fabien');
INSERT INTO leases (id, unit_id, tenant_id, start_date, end_date, rent_net, charges) VALUES ('538fd027-ddd3-4cb6-a854-631b81c5f319', '645cb7e3-e24f-4cee-94f3-308ec712a607', 'c36d08ba-0fcc-4dc0-9a6d-8b1efc2a8ee1', '1999-07-01', NULL, 770.0, 0);
INSERT INTO tenants (id, name) VALUES ('ee9d80a0-f456-43d2-921f-3a3c3e5f023e', 'Miserez Jacques');
INSERT INTO leases (id, unit_id, tenant_id, start_date, end_date, rent_net, charges) VALUES ('f15da6d7-3adb-45c5-b208-43a6456807c5', '645cb7e3-e24f-4cee-94f3-308ec712a607', 'ee9d80a0-f456-43d2-921f-3a3c3e5f023e', '2002-04-01', NULL, 1235.0, 0);
INSERT INTO tenants (id, name) VALUES ('0e14a870-aaf4-45b9-a028-f89b18353af9', 'Derzic Ermin');
INSERT INTO leases (id, unit_id, tenant_id, start_date, end_date, rent_net, charges) VALUES ('03589ed0-9144-4d7b-8a97-6305c20b5013', '645cb7e3-e24f-4cee-94f3-308ec712a607', '0e14a870-aaf4-45b9-a028-f89b18353af9', '2023-01-16', NULL, 1450.0, 0);
INSERT INTO tenants (id, name) VALUES ('6e8e7254-8008-45c8-8fb6-cc9d7fc3ada9', 'Rossé Stive');
INSERT INTO leases (id, unit_id, tenant_id, start_date, end_date, rent_net, charges) VALUES ('7d38a800-5dac-4eaa-bcc7-9189dd40ffdc', '645cb7e3-e24f-4cee-94f3-308ec712a607', '6e8e7254-8008-45c8-8fb6-cc9d7fc3ada9', '2022-08-01', NULL, 1150.0, 0);
INSERT INTO tenants (id, name) VALUES ('eb1fd316-0d72-4af5-9591-4ab76f777b90', 'Martenet Laura');
INSERT INTO leases (id, unit_id, tenant_id, start_date, end_date, rent_net, charges) VALUES ('28b82a94-72fa-4f70-a5d8-448d2c6059e0', '645cb7e3-e24f-4cee-94f3-308ec712a607', 'eb1fd316-0d72-4af5-9591-4ab76f777b90', '2023-05-16', NULL, 1120.0, 0);
INSERT INTO tenants (id, name) VALUES ('bde0067d-9e34-4f65-9d51-bdb7bd65edcc', 'Bertolami Michel');
INSERT INTO leases (id, unit_id, tenant_id, start_date, end_date, rent_net, charges) VALUES ('d1c4ecc2-7b40-4a19-b2b0-e1f83bed8c3a', '645cb7e3-e24f-4cee-94f3-308ec712a607', 'bde0067d-9e34-4f65-9d51-bdb7bd65edcc', '1999-01-01', NULL, 1295.0, 0);
INSERT INTO tenants (id, name) VALUES ('c215d10a-e368-4a82-936d-41efe88fd20c', 'Emini Burim');
INSERT INTO leases (id, unit_id, tenant_id, start_date, end_date, rent_net, charges) VALUES ('fc71c8c1-a9a1-4027-ba54-2d3be521e7ca', '645cb7e3-e24f-4cee-94f3-308ec712a607', 'c215d10a-e368-4a82-936d-41efe88fd20c', '2005-04-01', NULL, 950.0, 0);
INSERT INTO tenants (id, name) VALUES ('75bb876a-286d-4c2f-931d-106b629429ec', 'Ruf Serge');
INSERT INTO units (id, property_id, unit_number, floor, type, surface_area, rooms) VALUES ('3f1f1769-30b6-4f6b-8bcd-b5569f03c047', '8f32e07c-28c6-4b64-8522-cd148e96e0e2', '98.0004', NULL, 'Appartement', 0, 2.5);
INSERT INTO leases (id, unit_id, tenant_id, start_date, end_date, rent_net, charges) VALUES ('dec95bdc-cacf-4f1c-ad49-f0bb4cc1b74a', '3f1f1769-30b6-4f6b-8bcd-b5569f03c047', '75bb876a-286d-4c2f-931d-106b629429ec', '2000-03-01', NULL, 785.0, 0);
INSERT INTO tenants (id, name) VALUES ('f4400f22-42f3-4006-86c3-b5a4093a2e20', 'Braillard Ilidia');
INSERT INTO leases (id, unit_id, tenant_id, start_date, end_date, rent_net, charges) VALUES ('2da932fd-4487-4c67-99e4-92312b09bce5', '645cb7e3-e24f-4cee-94f3-308ec712a607', 'f4400f22-42f3-4006-86c3-b5a4093a2e20', '2015-04-16', NULL, 930.0, 0);
INSERT INTO tenants (id, name) VALUES ('84f5ecc7-f7a4-45ee-b902-e2ffe3a7efed', 'Lopes Pina Carlos Manuel');
INSERT INTO leases (id, unit_id, tenant_id, start_date, end_date, rent_net, charges) VALUES ('64e37ddd-9c91-446a-b1b3-d0a4d96b6be7', '645cb7e3-e24f-4cee-94f3-308ec712a607', '84f5ecc7-f7a4-45ee-b902-e2ffe3a7efed', '2023-10-01', NULL, 1720.0, 0);
INSERT INTO tenants (id, name) VALUES ('4be31c58-18d6-49f5-bf9f-6421f1dfb209', 'Ruf Michel');
INSERT INTO leases (id, unit_id, tenant_id, start_date, end_date, rent_net, charges) VALUES ('0fee67e3-ef3b-46c6-ada9-ec4a6a19cf06', '645cb7e3-e24f-4cee-94f3-308ec712a607', '4be31c58-18d6-49f5-bf9f-6421f1dfb209', '1994-10-01', NULL, 965.0, 0);
INSERT INTO tenants (id, name) VALUES ('8ec17c63-f267-4c12-accd-882a4c7d6f2b', 'Diallo Mamadou Oury');
INSERT INTO leases (id, unit_id, tenant_id, start_date, end_date, rent_net, charges) VALUES ('8fe47e99-9513-44aa-ae29-a5b153003de3', '645cb7e3-e24f-4cee-94f3-308ec712a607', '8ec17c63-f267-4c12-accd-882a4c7d6f2b', '2016-05-01', NULL, 960.0, 0);
INSERT INTO tenants (id, name) VALUES ('69fae7c3-eab1-4a26-a082-5619d8b9888c', 'Schwinte Angélique');
INSERT INTO leases (id, unit_id, tenant_id, start_date, end_date, rent_net, charges) VALUES ('61b239ef-4cf6-4f2a-b4d9-136f830b651c', '645cb7e3-e24f-4cee-94f3-308ec712a607', '69fae7c3-eab1-4a26-a082-5619d8b9888c', '2013-10-01', NULL, 980.0, 0);
INSERT INTO tenants (id, name) VALUES ('9762378d-1386-44e0-a501-723862fe99b4', 'Marques Paulo');
INSERT INTO leases (id, unit_id, tenant_id, start_date, end_date, rent_net, charges) VALUES ('d93ac902-e9cf-47bb-8084-90c2e5a9cd65', '645cb7e3-e24f-4cee-94f3-308ec712a607', '9762378d-1386-44e0-a501-723862fe99b4', '2011-06-01', NULL, 1560.0, 0);
INSERT INTO tenants (id, name) VALUES ('84aeaf6b-89da-4f19-aa14-e1677e446d34', 'Shala Teki');
INSERT INTO leases (id, unit_id, tenant_id, start_date, end_date, rent_net, charges) VALUES ('975be8a8-4b1c-41db-9786-8c7ad64f9b78', '645cb7e3-e24f-4cee-94f3-308ec712a607', '84aeaf6b-89da-4f19-aa14-e1677e446d34', '2019-03-01', NULL, 1300.0, 0);
INSERT INTO units (id, property_id, unit_number, floor, type, surface_area, rooms) VALUES ('118915c9-ce41-4d93-b394-bbda91aed5fc', '8f32e07c-28c6-4b64-8522-cd148e96e0e2', 'Garage', NULL, 'Parking', 0, 0);
INSERT INTO leases (id, unit_id, tenant_id, start_date, end_date, rent_net, charges) VALUES ('23f733c9-a3d3-4e74-99bc-b9efbfd55db9', '118915c9-ce41-4d93-b394-bbda91aed5fc', '75bb876a-286d-4c2f-931d-106b629429ec', '2003-10-01', NULL, 90.0, 0);
INSERT INTO leases (id, unit_id, tenant_id, start_date, end_date, rent_net, charges) VALUES ('24135ea4-b65e-4b6f-9a70-b66ff1ca7205', '118915c9-ce41-4d93-b394-bbda91aed5fc', 'a9eb1528-49fa-4299-8fab-a676c9760b6a', '2002-04-01', NULL, 150.0, 0);
INSERT INTO leases (id, unit_id, tenant_id, start_date, end_date, rent_net, charges) VALUES ('5e86a2af-c356-40f4-9a43-cbf6e6c89493', '118915c9-ce41-4d93-b394-bbda91aed5fc', '0fc7e4f4-5e59-491a-a81d-771c236bd6e1', '2019-04-01', NULL, 160.0, 0);
INSERT INTO leases (id, unit_id, tenant_id, start_date, end_date, rent_net, charges) VALUES ('1d5ead17-e328-4896-b812-a765a5d896af', '118915c9-ce41-4d93-b394-bbda91aed5fc', '1e2e984e-bf6e-4bb9-a611-bb7e33068131', '2014-04-01', NULL, 150.0, 0);
INSERT INTO leases (id, unit_id, tenant_id, start_date, end_date, rent_net, charges) VALUES ('0f39f053-455f-4cb3-b545-358a9c02039b', '118915c9-ce41-4d93-b394-bbda91aed5fc', 'bde0067d-9e34-4f65-9d51-bdb7bd65edcc', '2005-04-01', NULL, 100.0, 0);
INSERT INTO leases (id, unit_id, tenant_id, start_date, end_date, rent_net, charges) VALUES ('61363ca2-95bc-4531-9e66-99f84e8e01b4', '118915c9-ce41-4d93-b394-bbda91aed5fc', '9762378d-1386-44e0-a501-723862fe99b4', '2001-11-01', NULL, 90.0, 0);
INSERT INTO units (id, property_id, unit_number, floor, type, surface_area, rooms) VALUES ('9da57f00-80a8-43b5-9d7b-889946d1cfef', '8f32e07c-28c6-4b64-8522-cd148e96e0e2', 'Parking intérieur', NULL, 'Parking', 0, 0);
INSERT INTO leases (id, unit_id, tenant_id, start_date, end_date, rent_net, charges) VALUES ('17b282a8-6272-489c-9a18-9380f5bfa909', '9da57f00-80a8-43b5-9d7b-889946d1cfef', 'ebe66030-82f1-47d7-9c3a-eb997cdea90f', '2023-06-01', NULL, 80.0, 0);
INSERT INTO leases (id, unit_id, tenant_id, start_date, end_date, rent_net, charges) VALUES ('9bfd70ff-a128-460e-b28c-a524e0da2865', '9da57f00-80a8-43b5-9d7b-889946d1cfef', 'db9f2f99-6750-4421-9703-59fd553bfa2d', '2015-07-01', NULL, 80.0, 0);
INSERT INTO leases (id, unit_id, tenant_id, start_date, end_date, rent_net, charges) VALUES ('df996a20-e7ef-456e-8d57-16fdcbd5bbf1', '9da57f00-80a8-43b5-9d7b-889946d1cfef', '26a65161-2205-4ec2-8cbb-acaaf39a70a3', '2019-06-01', NULL, 120.0, 0);
INSERT INTO leases (id, unit_id, tenant_id, start_date, end_date, rent_net, charges) VALUES ('1ea9eb41-f61a-4817-92ed-cbbc6b188d9a', '9da57f00-80a8-43b5-9d7b-889946d1cfef', 'db9f2f99-6750-4421-9703-59fd553bfa2d', '2021-10-01', NULL, 120.0, 0);
INSERT INTO leases (id, unit_id, tenant_id, start_date, end_date, rent_net, charges) VALUES ('ac398e8e-04d3-45c4-ba6a-31732bf2e1e5', '9da57f00-80a8-43b5-9d7b-889946d1cfef', '84aeaf6b-89da-4f19-aa14-e1677e446d34', '2019-03-01', NULL, 120.0, 0);
INSERT INTO leases (id, unit_id, tenant_id, start_date, end_date, rent_net, charges) VALUES ('dc3837f7-ccb8-445a-9dd4-c848669ee5f3', '9da57f00-80a8-43b5-9d7b-889946d1cfef', 'ee9d80a0-f456-43d2-921f-3a3c3e5f023e', '2011-01-01', NULL, 80.0, 0);
INSERT INTO leases (id, unit_id, tenant_id, start_date, end_date, rent_net, charges) VALUES ('2e713b49-b0cd-427d-97e7-957fc8ed6881', '9da57f00-80a8-43b5-9d7b-889946d1cfef', '1e2e984e-bf6e-4bb9-a611-bb7e33068131', '1994-09-01', NULL, 60.0, 0);
INSERT INTO leases (id, unit_id, tenant_id, start_date, end_date, rent_net, charges) VALUES ('8923c32b-13b6-4df8-8d8f-f3cd1e3a40d8', '9da57f00-80a8-43b5-9d7b-889946d1cfef', '75bb876a-286d-4c2f-931d-106b629429ec', '2014-09-01', NULL, 80.0, 0);
INSERT INTO leases (id, unit_id, tenant_id, start_date, end_date, rent_net, charges) VALUES ('85f9e566-c8bc-4a4d-b3e2-3528d05a86f7', '9da57f00-80a8-43b5-9d7b-889946d1cfef', 'ee9d80a0-f456-43d2-921f-3a3c3e5f023e', '2002-10-01', NULL, 60.0, 0);
INSERT INTO leases (id, unit_id, tenant_id, start_date, end_date, rent_net, charges) VALUES ('ef267677-9d80-4384-95bd-4e7ceceb259e', '9da57f00-80a8-43b5-9d7b-889946d1cfef', '26a65161-2205-4ec2-8cbb-acaaf39a70a3', '2018-12-01', NULL, 120.0, 0);
INSERT INTO leases (id, unit_id, tenant_id, start_date, end_date, rent_net, charges) VALUES ('3bd724e6-8e61-4248-b903-c34f7f1501f4', '9da57f00-80a8-43b5-9d7b-889946d1cfef', '6e8e7254-8008-45c8-8fb6-cc9d7fc3ada9', '2022-08-01', NULL, 120.0, 0);
INSERT INTO leases (id, unit_id, tenant_id, start_date, end_date, rent_net, charges) VALUES ('a7a757ef-74e8-43ce-82e6-ab9940020e00', '9da57f00-80a8-43b5-9d7b-889946d1cfef', '4cbc6150-55a6-43d3-b391-20411f61b63b', '2015-10-01', NULL, 100.0, 0);
INSERT INTO leases (id, unit_id, tenant_id, start_date, end_date, rent_net, charges) VALUES ('9bd46da9-088a-4bef-864e-6eb964892c1a', '9da57f00-80a8-43b5-9d7b-889946d1cfef', '9762378d-1386-44e0-a501-723862fe99b4', '2011-06-01', NULL, 80.0, 0);
INSERT INTO leases (id, unit_id, tenant_id, start_date, end_date, rent_net, charges) VALUES ('21e29dab-6068-44ce-b322-9f69d7cf58d0', '9da57f00-80a8-43b5-9d7b-889946d1cfef', '8ec17c63-f267-4c12-accd-882a4c7d6f2b', '2021-05-01', NULL, 120.0, 0);
INSERT INTO leases (id, unit_id, tenant_id, start_date, end_date, rent_net, charges) VALUES ('9ee2ce6e-921f-48e1-a3df-5d44bd1991c1', '9da57f00-80a8-43b5-9d7b-889946d1cfef', '75bb876a-286d-4c2f-931d-106b629429ec', '2003-07-01', NULL, 60.0, 0);
INSERT INTO tenants (id, name) VALUES ('c770a35d-c1ac-4cbe-8e90-e648d3839135', 'Hanne Christophe');
INSERT INTO leases (id, unit_id, tenant_id, start_date, end_date, rent_net, charges) VALUES ('93cb7d4e-8c49-407e-811e-3efb15f805f8', '9da57f00-80a8-43b5-9d7b-889946d1cfef', 'c770a35d-c1ac-4cbe-8e90-e648d3839135', '2022-02-16', NULL, 120.0, 0);
INSERT INTO leases (id, unit_id, tenant_id, start_date, end_date, rent_net, charges) VALUES ('0cc8f205-7a61-4b19-9643-911c64735aca', '9da57f00-80a8-43b5-9d7b-889946d1cfef', 'bde0067d-9e34-4f65-9d51-bdb7bd65edcc', '2008-04-01', NULL, 60.0, 0);
INSERT INTO leases (id, unit_id, tenant_id, start_date, end_date, rent_net, charges) VALUES ('ef954709-3a39-428b-8414-2bc7fe56db2b', '9da57f00-80a8-43b5-9d7b-889946d1cfef', 'ebe66030-82f1-47d7-9c3a-eb997cdea90f', '2023-10-01', NULL, 90.0, 0);
INSERT INTO leases (id, unit_id, tenant_id, start_date, end_date, rent_net, charges) VALUES ('366e0f14-6158-4b92-be03-c25bd8a68813', '9da57f00-80a8-43b5-9d7b-889946d1cfef', '65bf4665-dffb-43ac-9f90-bb2d2c68afbc', '2023-07-01', NULL, 120.0, 0);
INSERT INTO leases (id, unit_id, tenant_id, start_date, end_date, rent_net, charges) VALUES ('feeb9b02-3e1c-4117-837f-719d2b7a6952', '9da57f00-80a8-43b5-9d7b-889946d1cfef', 'a9eb1528-49fa-4299-8fab-a676c9760b6a', '2012-12-01', NULL, 80.0, 0);
INSERT INTO leases (id, unit_id, tenant_id, start_date, end_date, rent_net, charges) VALUES ('20cceed1-d5c2-4f84-9ef8-bac529f5602c', '9da57f00-80a8-43b5-9d7b-889946d1cfef', '8fded62f-76d8-4fc4-b526-44074a59bef1', '2019-01-16', NULL, 120.0, 0);
INSERT INTO leases (id, unit_id, tenant_id, start_date, end_date, rent_net, charges) VALUES ('197056f1-a985-4ade-b220-6ccbe88189e3', '9da57f00-80a8-43b5-9d7b-889946d1cfef', '4be31c58-18d6-49f5-bf9f-6421f1dfb209', '2008-07-01', NULL, 80.0, 0);
INSERT INTO leases (id, unit_id, tenant_id, start_date, end_date, rent_net, charges) VALUES ('06e42fad-5c06-41af-9244-39a44b33e36e', '9da57f00-80a8-43b5-9d7b-889946d1cfef', '7b2a3e07-64b0-4150-a0fb-6dc2193db7e1', '2022-01-16', NULL, 120.0, 0);
INSERT INTO leases (id, unit_id, tenant_id, start_date, end_date, rent_net, charges) VALUES ('e2d128e5-50da-4ec1-b49d-d246783d4eb8', '9da57f00-80a8-43b5-9d7b-889946d1cfef', '7b2a3e07-64b0-4150-a0fb-6dc2193db7e1', '2006-11-16', NULL, 80.0, 0);
INSERT INTO leases (id, unit_id, tenant_id, start_date, end_date, rent_net, charges) VALUES ('5f8cc25a-0a61-48ea-ac52-09507262dcf1', '9da57f00-80a8-43b5-9d7b-889946d1cfef', '9a3d31f7-e9b0-43a3-ab2d-74eeaf39323b', '2016-12-01', NULL, 90.0, 0);
INSERT INTO leases (id, unit_id, tenant_id, start_date, end_date, rent_net, charges) VALUES ('4d38ea24-f0e3-4de1-85ce-14289558b785', '9da57f00-80a8-43b5-9d7b-889946d1cfef', 'f4400f22-42f3-4006-86c3-b5a4093a2e20', '2015-08-01', NULL, 80.0, 0);
INSERT INTO leases (id, unit_id, tenant_id, start_date, end_date, rent_net, charges) VALUES ('b05b419a-0ecc-4362-8138-5034a69fb5c0', '9da57f00-80a8-43b5-9d7b-889946d1cfef', '783d7711-e4f3-4d72-8188-fc2ec535aec4', '2008-07-16', NULL, 60.0, 0);
INSERT INTO leases (id, unit_id, tenant_id, start_date, end_date, rent_net, charges) VALUES ('bd918454-a681-4332-b87f-4b472d072b1e', '9da57f00-80a8-43b5-9d7b-889946d1cfef', 'c215d10a-e368-4a82-936d-41efe88fd20c', '2019-04-16', NULL, 120.0, 0);
INSERT INTO leases (id, unit_id, tenant_id, start_date, end_date, rent_net, charges) VALUES ('abf6630b-7c3f-4f54-a15b-5148a1f63666', '9da57f00-80a8-43b5-9d7b-889946d1cfef', 'c215d10a-e368-4a82-936d-41efe88fd20c', '2005-04-01', NULL, 80.0, 0);
INSERT INTO leases (id, unit_id, tenant_id, start_date, end_date, rent_net, charges) VALUES ('fd046ced-2f34-453c-b4ed-e37e05679857', '9da57f00-80a8-43b5-9d7b-889946d1cfef', 'aabeea1c-7605-4c2a-bc30-1f01ba090f2b', '2012-10-01', NULL, 80.0, 0);
INSERT INTO leases (id, unit_id, tenant_id, start_date, end_date, rent_net, charges) VALUES ('3974ee78-0185-4663-8821-addfa5862f64', '9da57f00-80a8-43b5-9d7b-889946d1cfef', 'c36d08ba-0fcc-4dc0-9a6d-8b1efc2a8ee1', '1999-07-01', NULL, 60.0, 0);
INSERT INTO leases (id, unit_id, tenant_id, start_date, end_date, rent_net, charges) VALUES ('3adc9f91-0545-4031-8890-69bf848f71e5', '9da57f00-80a8-43b5-9d7b-889946d1cfef', '0fc7e4f4-5e59-491a-a81d-771c236bd6e1', '2023-11-01', NULL, 120.0, 0);
INSERT INTO leases (id, unit_id, tenant_id, start_date, end_date, rent_net, charges) VALUES ('b2d2f7c8-5844-4c5a-ba62-3e100896d6d4', '9da57f00-80a8-43b5-9d7b-889946d1cfef', '4be31c58-18d6-49f5-bf9f-6421f1dfb209', '1997-11-01', NULL, 60.0, 0);
INSERT INTO leases (id, unit_id, tenant_id, start_date, end_date, rent_net, charges) VALUES ('25583afb-f4c3-4a46-a995-db4a03aee86a', '9da57f00-80a8-43b5-9d7b-889946d1cfef', '2b8edd8b-ab91-4d59-925f-14dd042c8056', '2014-05-16', NULL, 80.0, 0);
INSERT INTO leases (id, unit_id, tenant_id, start_date, end_date, rent_net, charges) VALUES ('df60f462-5d31-43b1-97e6-7f2489bdb1f2', '9da57f00-80a8-43b5-9d7b-889946d1cfef', '4be31c58-18d6-49f5-bf9f-6421f1dfb209', '2004-10-16', NULL, 80.0, 0);
INSERT INTO leases (id, unit_id, tenant_id, start_date, end_date, rent_net, charges) VALUES ('085d8dff-2866-4004-b320-9b70a7b858cf', '9da57f00-80a8-43b5-9d7b-889946d1cfef', '66129464-ed33-472e-86ee-d5a942a95027', '2023-10-16', NULL, 120.0, 0);
INSERT INTO leases (id, unit_id, tenant_id, start_date, end_date, rent_net, charges) VALUES ('4aea24b9-31bd-4a2e-8a35-2fc5426c6037', '9da57f00-80a8-43b5-9d7b-889946d1cfef', 'ebe66030-82f1-47d7-9c3a-eb997cdea90f', '2023-04-01', NULL, 120.0, 0);
INSERT INTO leases (id, unit_id, tenant_id, start_date, end_date, rent_net, charges) VALUES ('02a1762c-7728-4eb2-bd92-c2943d10db85', '9da57f00-80a8-43b5-9d7b-889946d1cfef', '84f5ecc7-f7a4-45ee-b902-e2ffe3a7efed', '2023-10-01', NULL, 120.0, 0);
INSERT INTO units (id, property_id, unit_number, floor, type, surface_area, rooms) VALUES ('52cbfb19-9b8c-40ee-834f-fb315d121e7a', '8f32e07c-28c6-4b64-8522-cd148e96e0e2', 'Place de parc', NULL, 'Appartement', 0, 0);
INSERT INTO leases (id, unit_id, tenant_id, start_date, end_date, rent_net, charges) VALUES ('52475563-4b11-47b5-9a51-1fd283b532c0', '52cbfb19-9b8c-40ee-834f-fb315d121e7a', '4d65bf37-010b-4749-890d-a103b9d1d5aa', '2023-10-16', NULL, 70.0, 0);
INSERT INTO leases (id, unit_id, tenant_id, start_date, end_date, rent_net, charges) VALUES ('3401b0fe-0fe4-4524-bf35-565c3f0a2175', '52cbfb19-9b8c-40ee-834f-fb315d121e7a', 'aabeea1c-7605-4c2a-bc30-1f01ba090f2b', '2019-04-01', NULL, 70.0, 0);
INSERT INTO leases (id, unit_id, tenant_id, start_date, end_date, rent_net, charges) VALUES ('76fa85fe-e28c-4408-923b-05ef6ac890c5', '52cbfb19-9b8c-40ee-834f-fb315d121e7a', '01f45e72-f03c-42c6-982b-3ab49ff68acb', '1994-10-01', NULL, 30.0, 0);
INSERT INTO leases (id, unit_id, tenant_id, start_date, end_date, rent_net, charges) VALUES ('7448634a-518c-4221-90fd-171ae6a653a4', '52cbfb19-9b8c-40ee-834f-fb315d121e7a', 'bde0067d-9e34-4f65-9d51-bdb7bd65edcc', '2013-12-16', NULL, 40.0, 0);
INSERT INTO leases (id, unit_id, tenant_id, start_date, end_date, rent_net, charges) VALUES ('847b937c-ba0b-4a36-81df-62a0af2439a6', '52cbfb19-9b8c-40ee-834f-fb315d121e7a', 'f4400f22-42f3-4006-86c3-b5a4093a2e20', '2015-04-16', NULL, 40.0, 0);
INSERT INTO leases (id, unit_id, tenant_id, start_date, end_date, rent_net, charges) VALUES ('7dbd82eb-2850-4ce7-94c8-0a3f0a84c12e', '52cbfb19-9b8c-40ee-834f-fb315d121e7a', '84f5ecc7-f7a4-45ee-b902-e2ffe3a7efed', '2023-10-01', NULL, 70.0, 0);
INSERT INTO leases (id, unit_id, tenant_id, start_date, end_date, rent_net, charges) VALUES ('759ea4f3-a84a-4dfd-bc7f-69cbd5303f68', '52cbfb19-9b8c-40ee-834f-fb315d121e7a', '1e2e984e-bf6e-4bb9-a611-bb7e33068131', '2007-12-01', NULL, 40.0, 0);
INSERT INTO leases (id, unit_id, tenant_id, start_date, end_date, rent_net, charges) VALUES ('14ebfaa1-4d05-4c07-a7df-9ed9395a28f5', '52cbfb19-9b8c-40ee-834f-fb315d121e7a', 'c086e92d-5c01-468e-9f19-f3f84a052e78', '2002-01-01', NULL, 30.0, 0);
INSERT INTO properties (id, name) VALUES ('f7f38a7a-52cb-451b-b9cd-2b92107948ae', 'Fribourg');
INSERT INTO tenants (id, name) VALUES ('8afac564-fb14-4bf1-8d95-8dc141da9a2c', '31.10.2024');
INSERT INTO units (id, property_id, unit_number, floor, type, surface_area, rooms) VALUES ('4e6d624a-1c21-4d72-ba00-493f8c7628cc', 'f7f38a7a-52cb-451b-b9cd-2b92107948ae', 'Laden', NULL, 'Appartement', 0, 0);
INSERT INTO leases (id, unit_id, tenant_id, start_date, end_date, rent_net, charges) VALUES ('dc69d796-681e-4021-907c-8349843ef803', '4e6d624a-1c21-4d72-ba00-493f8c7628cc', '8afac564-fb14-4bf1-8d95-8dc141da9a2c', '2020-10-16', NULL, 19000.199999999997, 0);
INSERT INTO leases (id, unit_id, tenant_id, start_date, end_date, rent_net, charges) VALUES ('cb1c87ba-10b5-4b50-8601-a24a7c92fedc', '4e6d624a-1c21-4d72-ba00-493f8c7628cc', '8afac564-fb14-4bf1-8d95-8dc141da9a2c', '2020-10-16', NULL, 17965.199999999997, 0);